Exportaciones,Exportaciones,Exportaciones,Exportaciones,Importaciones,Importaciones,Importaciones,Importaciones,Exportaciones netas,Exportaciones netas,Exportaciones netas,Exportaciones netas
2000-2006,2006-2012,2012-2018,2018-2024,2000-2006,2006-2012,2012-2018,2018-2024,2000-2006,2006-2012,2012-2018,2018-2024
,5512481.811,7235959.975,9549423.23,,1226031.247,1130864.675,1308297.938,,4286450.563999999,6105095.3,8241125.292
,5399195.69,7783883.51,8879184.286,,1278244.553,1158660.834,1127075.024,,4120951.137,6625222.676,7752109.262
4397039.772,4853672.814,8331048.136,9508331.859,1094725.78,1123812.25,1220760.451,1255235.325,3302313.9919999996,3729860.5640000002,7110287.6850000005,8253096.533999999
4650390.372,5973904.281,8586587.022,10412237.642,1128153.969,1117820.258,1248193.436,1333412.008,3522236.4030000004,4856084.023,7338393.586,9078825.634000001
4946718.464,6528687.605,8861144.766,9660548.476,1167183.816,1125335.575,1272504.39,1389790.386,3779534.6479999996,5403352.03,7588640.376000001,8270758.09
5377008.045,7045608.343,9439522.364,,1231318.114,1140752.793,1303024.833,,4145689.931,5904855.550000001,8136497.5309999995,
